{
  "pageData": {
    "version": 1,
    "componentDefinitions": {
      "version": 2,
      "importFiles": [
        "../../AIR Components/AIR Generic Components.json"
      ],
      "localComponentDefinitions": [
        {
          "key": "knob_attack",
          "value": {
            "version": 2,
            "actions": [
              {
                "version": 1,
                "onAction": "Mouse Down",
                "handler": "Q-Link",
                "handleName": "Data",
                "additionalData": ""
              },
              {
                "version": 1,
                "onAction": "Double Click",
                "handler": "Show Overlay",
                "handleName": "",
                "additionalData": "knob overlay"
              },
              {
                "version": 1,
                "onAction": "Enter Pressed",
                "handler": "Show Overlay",
                "handleName": "",
                "additionalData": "knob overlay"
              }
            ],
            "backgroundData": {
              "version": 1,
              "focussed": {
                "version": 1,
                "colour": "0",
                "image": ""
              },
              "unfocussed": {
                "version": 1,
                "colour": "0",
                "image": ""
              }
            },
            "ignoreMousePresses": false,
            "disableCoarseDataWheel": false,
            "componentsData": [
              {
                "version": 2,
                "componentData": {
                  "version": 1,
                  "name": "Knob",
                  "type": "Knob",
                  "data": {
                    "version": 2,
                    "knobType": "FilmStrip",
                    "filmStrip": "knob_attack.png",
                    "numFrames": 128,
                    "invert": false,
                    "handleName": "Data"
                  }
                },
                "handle remapping": {
                  "version": 1,
                  "map": []
                },
                "bounds": {
                  "version": 1,
                  "acceptsHWFocus": "No",
                  "showWhenDataModelInvalid": "Show",
                  "whenVisible": "Always",
                  "boundsType": "Absolute",
                  "bounds": "0 0 82 86"
                }
              }
            ]
          }
        },
        {
          "key": "knob_release",
          "value": {
            "version": 2,
            "actions": [
              {
                "version": 1,
                "onAction": "Mouse Down",
                "handler": "Q-Link",
                "handleName": "Data",
                "additionalData": ""
              },
              {
                "version": 1,
                "onAction": "Double Click",
                "handler": "Show Overlay",
                "handleName": "",
                "additionalData": "knob overlay"
              },
              {
                "version": 1,
                "onAction": "Enter Pressed",
                "handler": "Show Overlay",
                "handleName": "",
                "additionalData": "knob overlay"
              }
            ],
            "backgroundData": {
              "version": 1,
              "focussed": {
                "version": 1,
                "colour": "0",
                "image": ""
              },
              "unfocussed": {
                "version": 1,
                "colour": "0",
                "image": ""
              }
            },
            "ignoreMousePresses": false,
            "disableCoarseDataWheel": false,
            "componentsData": [
              {
                "version": 2,
                "componentData": {
                  "version": 1,
                  "name": "Knob",
                  "type": "Knob",
                  "data": {
                    "version": 2,
                    "knobType": "FilmStrip",
                    "filmStrip": "knob_release.png",
                    "numFrames": 128,
                    "invert": false,
                    "handleName": "Data"
                  }
                },
                "handle remapping": {
                  "version": 1,
                  "map": []
                },
                "bounds": {
                  "version": 1,
                  "acceptsHWFocus": "No",
                  "showWhenDataModelInvalid": "Show",
                  "whenVisible": "Always",
                  "boundsType": "Absolute",
                  "bounds": "0 0 83 86"
                }
              }
            ]
          }
        },
        {
          "key": "knob_ratio",
          "value": {
            "version": 2,
            "actions": [
              {
                "version": 1,
                "onAction": "Mouse Down",
                "handler": "Q-Link",
                "handleName": "Data",
                "additionalData": ""
              },
              {
                "version": 1,
                "onAction": "Double Click",
                "handler": "Show Overlay",
                "handleName": "",
                "additionalData": "knob overlay"
              },
              {
                "version": 1,
                "onAction": "Enter Pressed",
                "handler": "Show Overlay",
                "handleName": "",
                "additionalData": "knob overlay"
              }
            ],
            "backgroundData": {
              "version": 1,
              "focussed": {
                "version": 1,
                "colour": "0",
                "image": ""
              },
              "unfocussed": {
                "version": 1,
                "colour": "0",
                "image": ""
              }
            },
            "ignoreMousePresses": false,
            "disableCoarseDataWheel": false,
            "componentsData": [
              {
                "version": 2,
                "componentData": {
                  "version": 1,
                  "name": "Knob",
                  "type": "Knob",
                  "data": {
                    "version": 2,
                    "knobType": "FilmStrip",
                    "filmStrip": "knob_ratio.png",
                    "numFrames": 128,
                    "invert": false,
                    "handleName": "Data"
                  }
                },
                "handle remapping": {
                  "version": 1,
                  "map": []
                },
                "bounds": {
                  "version": 1,
                  "acceptsHWFocus": "No",
                  "showWhenDataModelInvalid": "Show",
                  "whenVisible": "Always",
                  "boundsType": "Absolute",
                  "bounds": "0 0 81 86"
                }
              }
            ]
          }
        },
        {
          "key": "knob_threshold",
          "value": {
            "version": 2,
            "actions": [
              {
                "version": 1,
                "onAction": "Mouse Down",
                "handler": "Q-Link",
                "handleName": "Data",
                "additionalData": ""
              },
              {
                "version": 1,
                "onAction": "Double Click",
                "handler": "Show Overlay",
                "handleName": "",
                "additionalData": "knob overlay"
              },
              {
                "version": 1,
                "onAction": "Enter Pressed",
                "handler": "Show Overlay",
                "handleName": "",
                "additionalData": "knob overlay"
              }
            ],
            "backgroundData": {
              "version": 1,
              "focussed": {
                "version": 1,
                "colour": "0",
                "image": ""
              },
              "unfocussed": {
                "version": 1,
                "colour": "0",
                "image": ""
              }
            },
            "ignoreMousePresses": false,
            "disableCoarseDataWheel": false,
            "componentsData": [
              {
                "version": 2,
                "componentData": {
                  "version": 1,
                  "name": "Knob",
                  "type": "Knob",
                  "data": {
                    "version": 2,
                    "knobType": "FilmStrip",
                    "filmStrip": "knob_threshold.png",
                    "numFrames": 128,
                    "invert": false,
                    "handleName": "Data"
                  }
                },
                "handle remapping": {
                  "version": 1,
                  "map": []
                },
                "bounds": {
                  "version": 1,
                  "acceptsHWFocus": "No",
                  "showWhenDataModelInvalid": "Show",
                  "whenVisible": "Always",
                  "boundsType": "Absolute",
                  "bounds": "0 0 83 86"
                }
              }
            ]
          }
        },
        {
          "key": "knob_knee",
          "value": {
            "version": 2,
            "actions": [
              {
                "version": 1,
                "onAction": "Mouse Down",
                "handler": "Q-Link",
                "handleName": "Data",
                "additionalData": ""
              },
              {
                "version": 1,
                "onAction": "Double Click",
                "handler": "Show Overlay",
                "handleName": "",
                "additionalData": "knob overlay"
              },
              {
                "version": 1,
                "onAction": "Enter Pressed",
                "handler": "Show Overlay",
                "handleName": "",
                "additionalData": "knob overlay"
              }
            ],
            "backgroundData": {
              "version": 1,
              "focussed": {
                "version": 1,
                "colour": "0",
                "image": ""
              },
              "unfocussed": {
                "version": 1,
                "colour": "0",
                "image": ""
              }
            },
            "ignoreMousePresses": false,
            "disableCoarseDataWheel": false,
            "componentsData": [
              {
                "version": 2,
                "componentData": {
                  "version": 1,
                  "name": "Knob",
                  "type": "Knob",
                  "data": {
                    "version": 2,
                    "knobType": "FilmStrip",
                    "filmStrip": "knob_knee.png",
                    "numFrames": 128,
                    "invert": false,
                    "handleName": "Data"
                  }
                },
                "handle remapping": {
                  "version": 1,
                  "map": []
                },
                "bounds": {
                  "version": 1,
                  "acceptsHWFocus": "No",
                  "showWhenDataModelInvalid": "Show",
                  "whenVisible": "Always",
                  "boundsType": "Absolute",
                  "bounds": "0 0 80 86"
                }
              }
            ]
          }
        },
        {
          "key": "knob_mix",
          "value": {
            "version": 2,
            "actions": [
              {
                "version": 1,
                "onAction": "Mouse Down",
                "handler": "Q-Link",
                "handleName": "Data",
                "additionalData": ""
              },
              {
                "version": 1,
                "onAction": "Double Click",
                "handler": "Show Overlay",
                "handleName": "",
                "additionalData": "knob overlay"
              },
              {
                "version": 1,
                "onAction": "Enter Pressed",
                "handler": "Show Overlay",
                "handleName": "",
                "additionalData": "knob overlay"
              }
            ],
            "backgroundData": {
              "version": 1,
              "focussed": {
                "version": 1,
                "colour": "0",
                "image": ""
              },
              "unfocussed": {
                "version": 1,
                "colour": "0",
                "image": ""
              }
            },
            "ignoreMousePresses": false,
            "disableCoarseDataWheel": false,
            "componentsData": [
              {
                "version": 2,
                "componentData": {
                  "version": 1,
                  "name": "Knob",
                  "type": "Knob",
                  "data": {
                    "version": 2,
                    "knobType": "FilmStrip",
                    "filmStrip": "knob_mix.png",
                    "numFrames": 128,
                    "invert": false,
                    "handleName": "Data"
                  }
                },
                "handle remapping": {
                  "version": 1,
                  "map": []
                },
                "bounds": {
                  "version": 1,
                  "acceptsHWFocus": "No",
                  "showWhenDataModelInvalid": "Show",
                  "whenVisible": "Always",
                  "boundsType": "Absolute",
                  "bounds": "0 0 79 86"
                }
              }
            ]
          }
        },
        {
          "key": "knob_gain",
          "value": {
            "version": 2,
            "actions": [
              {
                "version": 1,
                "onAction": "Mouse Down",
                "handler": "Q-Link",
                "handleName": "Data",
                "additionalData": ""
              },
              {
                "version": 1,
                "onAction": "Double Click",
                "handler": "Show Overlay",
                "handleName": "",
                "additionalData": "knob overlay"
              },
              {
                "version": 1,
                "onAction": "Enter Pressed",
                "handler": "Show Overlay",
                "handleName": "",
                "additionalData": "knob overlay"
              }
            ],
            "backgroundData": {
              "version": 1,
              "focussed": {
                "version": 1,
                "colour": "0",
                "image": ""
              },
              "unfocussed": {
                "version": 1,
                "colour": "0",
                "image": ""
              }
            },
            "ignoreMousePresses": false,
            "disableCoarseDataWheel": false,
            "componentsData": [
              {
                "version": 2,
                "componentData": {
                  "version": 1,
                  "name": "Knob",
                  "type": "Knob",
                  "data": {
                    "version": 2,
                    "knobType": "FilmStrip",
                    "filmStrip": "knob_gain.png",
                    "numFrames": 128,
                    "invert": false,
                    "handleName": "Data"
                  }
                },
                "handle remapping": {
                  "version": 1,
                  "map": []
                },
                "bounds": {
                  "version": 1,
                  "acceptsHWFocus": "No",
                  "showWhenDataModelInvalid": "Show",
                  "whenVisible": "Always",
                  "boundsType": "Absolute",
                  "bounds": "0 0 79 86"
                }
              }
            ]
          }
        }
      ]
    },
    "info": {
      "version": 1,
      "type": "CompleteDescription"
    },
    "tabs": [
      {
        "version": 1,
        "tabName": "Compressor",
        "fnKeyIndex": 0,
        "fnKeySubIndex": 0,
        "componentDefinition": {
          "version": 2,
          "actions": [],
          "backgroundData": {
            "version": 1,
            "focussed": {
              "version": 1,
              "colour": "ff000000",
              "image": ""
            },
            "unfocussed": {
              "version": 1,
              "colour": "ff000000",
              "image": ""
            }
          },
          "ignoreMousePresses": false,
          "disableCoarseDataWheel": false,
          "componentsData": [
            {
              "version": 2,
              "componentData": {
                "version": 1,
                "name": "Image",
                "type": "Image",
                "data": {
                  "version": 2,
                  "imageType": "Regular",
                  "colour": "0",
                  "image": "background.png"
                }
              },
              "handle remapping": {
                "version": 1,
                "map": [
                  {
                    "key": "Data",
                    "value": "Invalid"
                  }
                ]
              },
              "bounds": {
                "version": 1,
                "acceptsHWFocus": "No",
                "showWhenDataModelInvalid": "Show",
                "whenVisible": "Always",
                "boundsType": "Absolute",
                "bounds": "0 0 1280 629"
              }
            },
            {
            	"version": 2,
              	"componentData": {
                "version": 1,
                "name": "Attack",
                "type": "knob_attack",
                "data": {
                  "version": 1,
                  "handleName": "Data"
                }
              },
              "handle remapping": {
                "version": 1,
                "map": [
                  {
                    "key": "Data",
                    "value": "Parameter 3"
                  }
                ]
              },
              "bounds": {
                "version": 1,
                "acceptsHWFocus": "Yes",
                "showWhenDataModelInvalid": "Hide",
                "whenVisible": "Always",
                "boundsType": "Absolute",
                "bounds": "890 376 82 86"
              }
            },
            {
              "version": 2,
              "componentData": {
                "version": 1,
                "name": "Release",
                "type": "knob_release",
                "data": {
                  "version": 1,
                  "handleName": "Data"
                }
              },
              "handle remapping": {
                "version": 1,
                "map": [
                  {
                    "key": "Data",
                    "value": "Parameter 4"
                  }
                ]
              },
              "bounds": {
                "version": 1,
                "acceptsHWFocus": "Yes",
                "showWhenDataModelInvalid": "Hide",
                "whenVisible": "Always",
                "boundsType": "Absolute",
                "bounds": "1059 376 83 86"
              }
            },
            {
              "version": 2,
              "componentData": {
                "version": 1,
                "name": "Ratio",
                "type": "knob_ratio",
                "data": {
                  "version": 1,
                  "handleName": "Data"
                }
              },
              "handle remapping": {
                "version": 1,
                "map": [
                  {
                    "key": "Data",
                    "value": "Parameter 1"
                  }
                ]
              },
              "bounds": {
                "version": 1,
                "acceptsHWFocus": "Yes",
                "showWhenDataModelInvalid": "Hide",
                "whenVisible": "Always",
                "boundsType": "Absolute",
                "bounds": "309 376 81 86"
              }
            },
            {
              "version": 2,
              "componentData": {
                "version": 1,
                "name": "Threshold",
                "type": "knob_threshold",
                "data": {
                  "version": 1,
                  "handleName": "Data"
                }
              },
              "handle remapping": {
                "version": 1,
                "map": [
                  {
                    "key": "Data",
                    "value": "Parameter 0"
                  }
                ]
              },
              "bounds": {
                "version": 1,
                "acceptsHWFocus": "Yes",
                "showWhenDataModelInvalid": "Hide",
                "whenVisible": "Always",
                "boundsType": "Absolute",
                "bounds": "138 376 83 86"
              }
            },
            {
              "version": 2,
              "componentData": {
                "version": 1,
                "name": "Knee",
                "type": "knob_knee",
                "data": {
                  "version": 1,
                  "handleName": "Data"
                }
              },
              "handle remapping": {
                "version": 1,
                "map": [
                  {
                    "key": "Data",
                    "value": "Parameter 2"
                  }
                ]
              },
              "bounds": {
                "version": 1,
                "acceptsHWFocus": "Yes",
                "showWhenDataModelInvalid": "Hide",
                "whenVisible": "Always",
                "boundsType": "Absolute",
                "bounds": "743 262 80 86"
              }
            },
            {
              "version": 2,
              "componentData": {
                "version": 1,
                "name": "Mix",
                "type": "knob_mix",
                "data": {
                  "version": 1,
                  "handleName": "Data"
                }
              },
              "handle remapping": {
                "version": 1,
                "map": [
                  {
                    "key": "Data",
                    "value": "Parameter 6"
                  }
                ]
              },
              "bounds": {
                "version": 1,
                "acceptsHWFocus": "Yes",
                "showWhenDataModelInvalid": "Hide",
                "whenVisible": "Always",
                "boundsType": "Absolute",
                "bounds": "601 262 79 86"
              }
            },
            {
              "version": 2,
              "componentData": {
                "version": 1,
                "name": "Output",
                "type": "knob_gain",
                "data": {
                  "version": 1,
                  "handleName": "Data"
                }
              },
              "handle remapping": {
                "version": 1,
                "map": [
                  {
                    "key": "Data",
                    "value": "Parameter 5"
                  }
                ]
              },
              "bounds": {
                "version": 1,
                "acceptsHWFocus": "Yes",
                "showWhenDataModelInvalid": "Hide",
                "whenVisible": "Always",
                "boundsType": "Absolute",
                "bounds": "458 262 79 86"
              }
            },
            {
              "version": 2,
              "componentData": {
                "version": 1,
                "name": "Meter GR",
                "type": "Image",
                "data": {
                    "version": 2,
                    "imageType": "FilmStrip",
                    "colour": "0",
                    "image": "meter_reduction.png",
                    "numFrames": 63,
                    "handleName": "Data"
                }
              },
              "handle remapping": {
                "version": 1,
                "map": [
                    {
                        "key": "Data",
                        "value": "Invert/Info/Named/Gain Reduction"
                    }
                ]              
            },
              "bounds": {
                "version": 1,
                "acceptsHWFocus": "No",
                "showWhenDataModelInvalid": "Hide",
                "whenVisible": "Always",
                "boundsType": "Absolute",
                "bounds": "492 425 296 23"
              }
            },

            {
              "version": 2,
              "componentData": {
                "version": 1,
                "name": "Input Meter L",
                "type": "Image",
                "data": {
                    "version": 2,
                    "imageType": "FilmStrip",
                    "colour": "0",
                    "image": "meter_input_left.png",
                    "numFrames": 63,
                    "handleName": "Data"
                }
              },
              "handle remapping": {
                "version": 1,
                "map": [
                    {
                        "key": "Data",
                        "value": "Info/Named/In Meter L"
                    }
                ]              
            },
              "bounds": {
                "version": 1,
                "acceptsHWFocus": "No",
                "showWhenDataModelInvalid": "Hide",
                "whenVisible": "Always",
                "boundsType": "Absolute",
                "bounds": "110 239 298 23"
              }
            },
            {
              "version": 2,
              "componentData": {
                "version": 1,
                "name": "Input Meter R",
                "type": "Image",
                "data": {
                    "version": 2,
                    "imageType": "FilmStrip",
                    "colour": "0",
                    "image": "meter_input_right.png",
                    "numFrames": 63,
                    "handleName": "Data"
                }
              },
              "handle remapping": {
                "version": 1,
                "map": [
                    {
                        "key": "Data",
                        "value": "Info/Named/In Meter R"
                    }
                ]              
            },
              "bounds": {
                "version": 1,
                "acceptsHWFocus": "No",
                "showWhenDataModelInvalid": "Hide",
                "whenVisible": "Always",
                "boundsType": "Absolute",
                "bounds": "110 266 298 23"
              }
            },

            {
              "version": 2,
              "componentData": {
                "version": 1,
                "name": "Output Meter L",
                "type": "Image",
                "data": {
                    "version": 2,
                    "imageType": "FilmStrip",
                    "colour": "0",
                    "image": "meter_output_left.png",
                    "numFrames": 63,
                    "handleName": "Data"
                }
              },
              "handle remapping": {
                "version": 1,
                "map": [
                    {
                        "key": "Data",
                        "value": "Info/Named/Out Meter L"
                    }
                ]              
            },
              "bounds": {
                "version": 1,
                "acceptsHWFocus": "No",
                "showWhenDataModelInvalid": "Hide",
                "whenVisible": "Always",
                "boundsType": "Absolute",
                "bounds": "872 239 297 23"
              }
            },
            {
              "version": 2,
              "componentData": {
                "version": 1,
                "name": "Output Meter R",
                "type": "Image",
                "data": {
                    "version": 2,
                    "imageType": "FilmStrip",
                    "colour": "0",
                    "image": "meter_output_right.png",
                    "numFrames": 63,
                    "handleName": "Data"
                }
              },
              "handle remapping": {
                "version": 1,
                "map": [
                    {
                        "key": "Data",
                        "value": "Info/Named/Out Meter R"
                    }
                ]              
            },
              "bounds": {
                "version": 1,
                "acceptsHWFocus": "No",
                "showWhenDataModelInvalid": "Hide",
                "whenVisible": "Always",
                "boundsType": "Absolute",
                "bounds": "872 266 297 23"
              }
            }
          ]
        },
        "qlinkBoundsData": [
        ]
      }
    ]
  }
}